City_ID,City,Lat,Lng,Max Temp,Humidity,Cloudiness,Wind Speed,Country,Date
0,waitangi,-43.9535,-176.5597,289.51,92,100,11.97,NZ,1681938000
1,ushuaia,-54.8,-68.3,281.14,73,75,1.64,AR,1681938000
2,badger,64.8,-147.5333,272.46,68,42,0.13,US,1681938000
3,tralee,52.2704,-9.7026,283.68,85,63,3.22,IE,1681938000
4,rio preto da eva,-2.6994,-59.6997,300.21,81,100,1.41,BR,1681938000
5,grytviken,-54.2811,-36.5092,276.57,98,96,1.56,GS,1681938000
6,metlili chaamba,32.2667,3.6333,304.01,11,54,4.81,DZ,1681938000
7,zheleznogorsk-ilimskiy,56.5768,104.1217,263.05,92,100,3.81,RU,1681938000
8,challakere,14.3167,76.65,301.23,38,0,5.1,IN,1681938000
9,albany,42.6001,-73.9662,281,59,83,5.77,US,1681938000
10,yeed,4.55,43.0333,302.75,55,83,4.57,SO,1681938000
11,hailey,43.5196,-114.3153,275.06,39,15,6.15,US,1681938000
12,polyarnyy,69.1989,33.4478,276.42,91,94,8.13,RU,1681938000
13,saipan,15.1355,145.701,299.99,88,38,8.23,MP,1681938000
14,blackmans bay,-43.0167,147.3167,283.64,76,73,2.84,AU,1681938000
15,adamstown,-25.066,-130.1015,297.86,76,59,2.3,PN,1681938000
16,zhosaly,45.4878,64.0781,283.94,22,30,4.47,KZ,1681938000
17,torghay,49.6339,63.4981,279.64,74,100,3.54,KZ,1681938000
18,avarua,-21.2078,-159.775,298.14,92,60,13.98,CK,1681938000
19,ixtapa,20.7,-105.2,305.2,56,8,4.09,MX,1681938000
20,bethel,41.3712,-73.414,286.8,46,59,5.16,US,1681938000
21,east london,-33.0153,27.9116,299.94,39,4,4.41,ZA,1681938000
22,dois vizinhos,-25.7336,-53.0572,293.96,47,18,3.98,BR,1681938000
23,berezovyy,51.6667,135.7,274.41,93,84,1.91,RU,1681938000
24,marvejols,44.5538,3.2914,285.08,65,84,0.76,FR,1681938000
25,college,64.8569,-147.8028,272.05,67,43,0.81,US,1681938000
26,papatowai,-46.5619,169.4708,284.06,92,51,1.71,NZ,1681938000
27,vorgashor,67.5833,63.95,266.29,96,99,3.69,RU,1681938000
28,rongelap,11.1635,166.8941,299.24,84,96,9.58,MH,1681938000
29,kone,-21.0595,164.8658,297.02,88,1,0.31,NC,1681938000
30,west island,-12.1568,96.8225,300.2,89,100,10.12,CC,1681938000
31,port-aux-francais,-49.35,70.2167,278.08,77,57,15.92,TF,1681938000
32,beledweyne,4.7358,45.2036,304.72,49,93,7.29,SO,1681938000
33,georgetown,5.4112,100.3354,301.18,79,45,3.79,MY,1681938000
34,margaret river,-33.95,115.0667,287.03,62,1,4.77,AU,1681938000
35,tulagi,-9.0996,160.1476,300.49,70,30,2.62,SB,1681938000
36,pathalgaon,22.5667,83.4667,301.98,19,42,2.27,IN,1681938000
37,bilibino,68.0546,166.4372,269.44,91,100,1.16,RU,1681938000
38,strelka,58.0728,93.0344,265.56,99,100,1.5,RU,1681938000
39,whitehorse,60.7161,-135.0538,276.99,80,83,1.81,CA,1681938000
40,hawaiian paradise park,19.5933,-154.9731,298.02,87,45,9.61,US,1681938000
41,iskateley,67.6803,53.1512,273.14,98,100,7.07,RU,1681938000
42,hithadhoo,-0.6,73.0833,301.92,71,100,1.57,MV,1681938000
43,tiksi,71.6872,128.8694,251.02,100,100,1.73,RU,1681938000
44,bredasdorp,-34.5322,20.0403,290.27,67,100,1.29,ZA,1681938000
45,puerto natales,-51.7236,-72.4875,285.21,58,74,3.03,CL,1681938000
46,palos verdes estates,33.8006,-118.3901,290.14,49,24,5.64,US,1681938000
47,edinburgh of the seven seas,-37.0676,-12.3116,291.37,72,100,10.48,SH,1681938000
48,olonkinbyen,70.9221,-8.7187,275.19,91,22,8.99,SJ,1681938000
49,tyukhtet,56.5389,89.3011,267,96,100,2.56,RU,1681938000
50,ribeira grande,38.5167,-28.7,288.06,71,80,10.91,PT,1681938000
51,arraial do cabo,-22.9661,-42.0278,297.37,89,83,1.49,BR,1681938000
52,afaahiti,-17.75,-149.2833,300.65,81,97,8.16,PF,1681938000
53,longyearbyen,78.2186,15.6401,264.14,75,42,2.49,SJ,1681938000
54,lihue,21.9789,-159.3672,299.53,78,47,2.94,US,1681938000
55,iqaluit,63.7506,-68.5145,268.1,91,100,8.38,CA,1681938000
56,namibe,-15.1961,12.1522,298.99,72,58,0.89,AO,1681938000
57,sao jose da coroa grande,-8.8978,-35.1478,302.54,67,88,3.36,BR,1681938000
58,port mathurin,-19.6833,63.4167,299.29,76,18,8.67,MU,1681938000
59,ola,59.5833,151.2833,270.73,77,99,3.24,RU,1681938000
60,kargasok,59.0556,80.8572,266.18,94,100,3.55,RU,1681938000
61,santiago de cao,-7.9589,-79.2392,299.79,68,60,5.31,PE,1681938000
62,atafu village,-8.5421,-172.5159,301.48,72,73,2.79,TK,1681938000
63,tsiombe,-25.3,45.4833,296.27,89,100,5,MG,1681938000
64,grand falls-windsor,48.9332,-55.6649,276.72,91,100,3.66,CA,1681938000
65,porto novo,6.4965,2.6036,301.05,73,94,2.01,BJ,1681938000
66,thompson,55.7435,-97.8558,272.68,60,83,4.44,CA,1681938000
67,pisco,-13.7,-76.2167,298.31,66,20,3.81,PE,1681938000
68,sarkand,45.41,79.9186,274.81,43,13,1.04,KZ,1681938000
69,ruangwa,-10.0667,38.9333,294.78,98,100,1.62,TZ,1681938000
70,redencao,-4.2258,-38.7306,300.09,86,92,1.01,BR,1681938000
71,carnarvon,-24.8667,113.6333,297.31,50,76,6.74,AU,1681938000
72,qaqortoq,60.7167,-46.0333,274.05,89,91,1.27,GL,1681938000
73,newman,37.3138,-121.0208,290.11,44,2,4.95,US,1681938000
74,nova sintra,14.8667,-24.7167,293.4,78,90,7.85,CV,1681938000
75,villanueva,15.3167,-88,309.49,44,36,4.09,HN,1681938000
76,juneau,58.3019,-134.4197,278.46,87,83,1.48,US,1681938000
77,chegdomyn,51.1167,133.0167,274.04,66,97,1.3,RU,1681938000
78,invercargill,-46.4,168.35,284.55,85,52,2.06,NZ,1681938000
79,yanbu,24.0891,38.0637,302.33,55,13,2.34,SA,1681938000
80,derbent,42.0678,48.2899,283.56,78,63,1.01,RU,1681938000
81,tarawa,1.419,172.984,301.7,81,19,5.11,KI,1681938000
82,pekanbaru,0.5333,101.45,297.13,99,60,0.94,ID,1681938000
83,saint-benoit,-21.038,55.7194,298.23,84,71,4.57,RE,1681938000
84,lata,40.1629,-8.3327,291.45,61,19,0.21,PT,1681938000
85,tayu,-6.5397,111.0518,298.75,89,57,2.78,ID,1681938000
86,tibati,6.4667,12.6333,294.91,86,93,1,CM,1681938000
87,ilulissat,69.2167,-51.1,266.5,88,74,1.52,GL,1681938000
88,boguchany,58.3814,97.4531,265.41,91,100,1.95,RU,1681938000
89,sao miguel do araguaia,-13.275,-50.1628,301.41,71,71,1.91,BR,1681938000
90,aykhal,66,111.5,257.23,100,96,2.41,RU,1681938000
91,korla,41.7597,86.1469,282.43,22,95,2.75,CN,1681938000
92,port blair,11.6667,92.75,300.65,81,17,3.45,IN,1681938000
93,bonthe,7.5264,-12.505,301.81,75,80,2.57,SL,1681938000
94,luderitz,-26.6481,15.1594,287.66,94,80,4.28,NA,1681938000
95,hermanus,-34.4187,19.2345,289.97,75,100,3.38,ZA,1681938000
96,malabar,-33.9667,151.25,291.27,82,83,10.67,AU,1681938000
97,lugones,43.4027,-5.8122,287.46,84,1,0.99,ES,1681938000
98,okakarara,-20.5833,17.4333,293.55,37,55,0.9,NA,1681938000
99,port saint john's,-31.6229,29.5448,295.85,33,0,2.58,ZA,1681938000
100,tazovsky,67.4667,78.7,262.35,98,99,2.02,RU,1681938000
101,santyoku,37.4406,129.1708,291.25,83,16,4.17,KR,1681938000
102,veradale,47.6499,-117.2074,282.29,47,83,3.81,US,1681938000
103,aur,8.1499,171.1687,300.7,81,100,6.7,MH,1681938000
104,port alfred,-33.5906,26.891,299.97,57,77,4.19,ZA,1681938000
105,nebbi,2.4783,31.0889,295.17,70,85,1.66,UG,1681938000
106,elliot lake,46.3834,-82.6331,279.36,53,87,2.9,CA,1681938000
107,udachny,66.4167,112.4,255.37,100,92,1.78,RU,1681938000
108,palmer,42.1584,-72.3287,283.42,47,96,5.69,US,1681938000
109,kerikeri,-35.2268,173.9474,292.93,96,98,4.16,NZ,1681938000
110,kruisfontein,-34.0033,24.7314,293.47,50,100,1.12,ZA,1681938000
111,portland,45.5234,-122.6762,280.03,87,100,2.91,US,1681938000
112,bubaque,11.2833,-15.8333,299.84,74,25,8.59,GW,1681938000
113,kodiak,57.79,-152.4072,276.69,67,61,1.56,US,1681938000
114,mangrol,21.1167,70.1167,300.15,68,2,5.44,IN,1681938000
115,wailua homesteads,22.0669,-159.378,297.73,82,47,4.79,US,1681938000
116,flin flon,54.7682,-101.865,273.5,51,100,5.46,CA,1681938000
117,mount pearl,47.5166,-52.7813,274.99,85,83,5.23,CA,1681938000
118,fuglafjordur,62.244,-6.814,281.78,76,25,4.35,FO,1681938000
119,yellowknife,62.456,-114.3525,275.39,52,2,5.38,CA,1681938000
120,isafjordur,66.0755,-23.124,281.09,94,98,2.2,IS,1681938000
121,nemuro,43.3236,145.575,276.99,91,62,3.04,JP,1681938000
122,bailesti,44.0167,23.35,283.96,77,65,4.32,RO,1681938000
123,orange city,28.9489,-81.2987,299.82,40,60,5.24,US,1681938000
124,jamestown,42.097,-79.2353,281.98,58,12,4.45,US,1681938000
125,kapuskasing,49.4169,-82.4331,272.75,78,100,4.56,CA,1681938000
126,san patricio,28.017,-97.5169,300.67,61,74,8.17,US,1681938000
127,korsakov,46.6328,142.7813,277.67,93,60,2.19,RU,1681938000
128,los barrios,36.1848,-5.4921,289.41,83,83,4.74,ES,1681938000
129,palembang,-2.9167,104.7458,299.11,96,60,1.92,ID,1681938000
130,enewetak,11.3474,162.3373,299.5,82,100,10.51,MH,1681938000
131,lompoc,34.6391,-120.4579,290.53,49,46,6.98,US,1681938000
132,felipe carrillo puerto,19.5833,-88.05,304.61,54,88,2.72,MX,1681938000
133,sao joao de pirabas,-0.7747,-47.1772,298.12,93,100,1.1,BR,1681938000
134,shakawe,-18.3667,21.85,295.13,31,17,2.72,BW,1681938000
135,andergrove,-21.0833,149.1833,296.96,76,9,4.95,AU,1681938000
136,katabu,-4.9333,122.5167,296.82,96,96,1.31,ID,1681938000
137,kisiwani,-4.1333,37.95,294.56,93,97,1.38,TZ,1681938000
138,novodvinsk,64.4165,40.8122,276.03,95,100,3.29,RU,1681938000
139,klyuchi,52.2667,79.1667,266.62,83,7,3.61,RU,1681938000
140,anadyr,64.75,177.4833,269.21,87,57,4.76,RU,1681938000
141,pitimbu,-7.4706,-34.8086,302.98,75,81,4.24,BR,1681938000
142,rio grande,-32.035,-52.0986,289.1,53,100,6.97,BR,1681938000
143,tamiahua,21.2667,-97.45,301.47,74,92,7.13,MX,1681938000
144,bogotol,56.2078,89.5342,267.24,95,100,4.58,RU,1681938000
145,tamanrasset,22.785,5.5228,300.12,11,10,1.93,DZ,1681938000
146,kodinsk,58.6881,99.1844,265.02,92,100,2.83,RU,1681938000
147,puerto ayora,-0.7393,-90.3518,299.16,92,99,3.01,EC,1681938000
148,visakhapatnam,17.69,83.2093,301.01,83,15,3.76,IN,1681938000
149,copala,16.65,-98.9833,304.18,54,74,5.36,MX,1681938000
150,pires do rio,-17.2997,-48.2794,296.51,86,100,2.58,BR,1681938000
151,alice springs,-23.7,133.8833,286.84,75,0,8.07,AU,1681938000
152,port elizabeth,-33.918,25.5701,294.11,68,33,3.4,ZA,1681938000
153,banamba,13.55,-7.45,308.5,10,97,2.93,ML,1681938000
154,richards bay,-28.783,32.0377,295.04,81,0,6.1,ZA,1681938000
155,namdrik,5.5994,168.1028,301.28,79,100,6.73,MH,1681938000
156,kingston,17.997,-76.7936,302.59,70,22,2.08,JM,1681938000
157,stanley,54.868,-1.6985,280.38,82,8,2.52,GB,1681938000
158,tarija,-21.5355,-64.7296,295.39,39,14,4.05,BO,1681938000
159,navia,43.5354,-6.7194,288.09,78,4,1.24,ES,1681938000
160,tura,25.5198,90.2201,300.06,59,25,4.28,IN,1681938000
161,betio village,1.358,172.9211,301.67,78,53,5.33,KI,1681938000
162,priozersk,61.0393,30.1291,274.48,90,61,0.68,RU,1681938000
163,dryden,49.7833,-92.7503,277.99,33,100,5.71,CA,1681938000
164,illizi,26.4833,8.4667,303.12,8,1,6.75,DZ,1681938000
165,constantia,44.1833,28.65,283.46,92,100,4.87,RO,1681938000
166,chibougamau,49.9168,-74.3659,271.41,72,83,4.21,CA,1681938000
167,qarqin,37.4185,66.0436,288.42,19,26,2.14,AF,1681938000
168,pathein,16.7833,94.7333,299.97,81,5,4.17,MM,1681938000
169,okhotsk,59.3833,143.3,266.98,79,33,4.34,RU,1681938000
170,nagqu,31.5,92,275.37,54,100,3.44,CN,1681938000
171,suva,-18.1416,178.4415,300.53,94,60,2.99,FJ,1681938000
172,kolonia town,6.964,158.206,299.67,89,100,13.54,FM,1681938000
173,aripuana,-9.1667,-60.6333,301.67,79,92,0.76,BR,1681938000
174,pimentel,-6.8367,-79.9342,302.67,57,83,5.87,PE,1681938000
175,lauro de freitas,-12.8944,-38.3272,303.13,77,32,6.11,BR,1681938000
176,twon-brass,4.3151,6.2418,299.89,84,99,4.3,NG,1681938000
177,sitka,57.0531,-135.33,282.28,63,56,1.4,US,1681938000
178,peniche,39.3558,-9.3811,289.09,83,33,4.98,PT,1681938000
179,vadso,70.0744,29.7487,277.4,83,83,8.54,NO,1681938000
180,tolanaro,-25.0319,46.9987,297.37,90,57,3.77,MG,1681938000
181,pangody,65.85,74.4859,259.79,96,90,1.87,RU,1681938000
182,quelimane,-17.8786,36.8883,297.69,82,27,1.11,MZ,1681938000
183,hailin,44.5833,129.4167,284.47,54,100,7.77,CN,1681938000
184,benjamin aceval,-24.9667,-57.5667,298,49,7,2.25,PY,1681938000
185,cooper's town,26.8667,-77.5167,296.53,68,100,6.99,BS,1681938000
186,gizo,-8.103,156.8419,300.55,66,52,1.57,SB,1681938000
187,bodden town,19.2833,-81.25,302.29,65,28,3.93,KY,1681938000
188,louisville,38.2542,-85.7594,299.46,36,33,4.61,US,1681938000
189,shache,38.4167,77.2406,286.94,27,100,4.84,CN,1681938000
190,norderney,53.7,7.15,282.54,56,2,7.87,DE,1681938000
191,arawa,-6.2132,155.5367,299.01,85,46,0.99,PG,1681938000
192,darwin,-12.4611,130.8418,295.77,81,26,1.9,AU,1681938000
193,karratha,-20.7377,116.8463,296.73,35,47,6.44,AU,1681938000
194,black point,-34.6187,137.8972,287.7,66,61,2.76,AU,1681938000
195,utrik,11.2278,169.8474,299.85,78,100,8.63,MH,1681938000
196,vilyuysk,63.7553,121.6247,259,100,84,1.39,RU,1681938000
197,san angelo,31.4638,-100.437,303.26,43,0,9.22,US,1681938000
198,padang,-0.9492,100.3543,298.75,88,100,1.29,ID,1681938000
199,strezhevoy,60.7333,77.5889,270.19,96,97,3.92,RU,1681938000
200,fort st. john,56.2499,-120.8529,277.94,68,100,3.71,CA,1681938000
201,cockburn town,21.4612,-71.1419,299.23,76,15,5.44,TC,1681938000
202,saint-philippe,-21.3585,55.7679,298.66,85,57,5.63,RE,1681938000
203,ginir,7.1333,40.7,288.33,85,22,2.33,ET,1681938000
204,comodoro rivadavia,-45.8667,-67.5,298.2,37,0,10.68,AR,1681938000
205,kuanda,56.3161,116.0806,265.64,81,100,2.17,RU,1681938000
206,port lincoln,-34.7333,135.8667,287.99,67,99,2.77,AU,1681938000
207,eureka,40.8021,-124.1637,284.16,67,32,3.21,US,1681938000
208,guadalupe y calvo,26.1,-106.9667,293.56,19,88,5.86,MX,1681938000
209,gassol,8.5333,10.4667,302.69,56,75,1.75,NG,1681938000
210,hammerfest,70.6634,23.6821,278.24,90,83,12.74,NO,1681938000
211,medicine hat,50.0501,-110.6683,275.3,86,100,7.53,CA,1681938000
212,flying fish cove,-10.4217,105.6791,299.97,80,68,8.04,CX,1681938000
213,hami,42.8,93.45,281.67,16,91,3.47,CN,1681938000
214,emerald,-23.5333,148.1667,292.11,87,8,3.45,AU,1681938000
215,sungai raya,0.7,108.9,299.2,84,99,0.96,ID,1681938000
216,naze,28.3667,129.4833,292.41,96,100,2.29,JP,1681938000
217,codrington,-38.2667,141.9667,283.26,89,70,3.6,AU,1681938000
218,new norfolk,-42.7826,147.0587,284.5,77,86,2.68,AU,1681938000
219,guaratinga,-16.5667,-39.5667,308.36,39,34,2.79,BR,1681938000
220,kishanpur,25.65,81.0167,305.57,18,19,3.01,IN,1681938000
221,opuwo,-18.0607,13.84,296.82,48,61,2.21,NA,1681938000
222,gorontalo,0.5412,123.0595,296.99,94,23,1.24,ID,1681938000
223,talnakh,69.4865,88.3972,257.76,93,97,2.75,RU,1681938000
224,madalena,41.2162,-8.3345,290.28,68,26,0.67,PT,1681938000
225,narasaraopet,16.25,80.0667,300.31,69,0,2.3,IN,1681938000
226,san julian,21.0167,-102.1667,303.02,12,58,7.36,MX,1681938000
227,marsh harbour,26.5412,-77.0636,296.98,69,100,7.32,BS,1681938000
228,lazaro cardenas,17.9583,-102.2,302.32,57,66,4.97,MX,1681938000
229,istgah-e rah ahan-e garmsar,35.2346,52.3094,295.3,23,1,2.06,IR,1681938000
230,el bauga,18.262,33.9081,302.97,8,0,4.77,SD,1681938000
231,'ain el hadjar,34.7585,0.1453,287.7,67,74,6.74,DZ,1681938000
232,vangaindrano,-23.35,47.6,295.34,93,13,1.34,MG,1681938000
233,oltinko'l,40.8011,72.1634,286.93,26,47,1.15,UZ,1681938000
234,sinabang,2.4803,96.3801,300.08,83,97,2.54,ID,1681938000
235,punta arenas,-53.15,-70.9167,283.61,64,30,12.93,CL,1681938000
236,toliara,-23.35,43.6667,298.39,77,47,2.44,MG,1681938000
237,kununurra,-15.7667,128.7333,297.42,49,12,4.91,AU,1681938000
238,terenozek,45.05,64.9833,283.06,24,23,4.19,KZ,1681938000
239,pacific grove,36.6177,-121.9166,284.87,67,7,9.93,US,1681938000
240,haiku-pauwela,20.9219,-156.3051,295.86,93,100,6.95,US,1681938000
241,paoua,7.2427,16.4406,301.14,50,95,2.08,CF,1681938000
242,petropavlovsk-kamchatsky,53.0452,158.6483,274.85,75,83,3.99,RU,1681938000
243,akalgarh,29.8167,75.8833,298.68,46,97,2.82,IN,1681938000
244,pizarro,4.9533,-77.366,301.72,75,100,3.14,CO,1681938000
245,guangzhou,23.1167,113.25,298.66,79,63,2.57,CN,1681938000
246,nicoya,10.1483,-85.452,308.94,33,78,1.5,CR,1681938000
247,vila franca do campo,37.7167,-25.4333,290.03,87,90,11.24,PT,1681938000
248,kedrovyy,56.1667,91.8167,266.96,94,100,3.85,RU,1681938000
249,fortuna,40.5982,-124.1573,285.21,59,38,3.59,US,1681938000
250,qamdo,31.1667,97.2333,276.32,49,27,2.14,CN,1681938000
251,ponta delgada,37.7333,-25.6667,290.24,85,46,13.27,PT,1681938000
252,latisana,45.7792,13,286.66,73,98,2.67,IT,1681938000
253,nuriootpa,-34.4833,139,283.42,83,24,2.15,AU,1681938000
254,sao francisco de assis,-29.5503,-55.1311,291.83,45,91,5.49,BR,1681938000
255,saudarkrokur,65.7461,-19.6394,282.79,85,100,5.19,IS,1681938000
256,xianning,29.8833,114.2167,294.42,86,44,2.36,CN,1681938000
257,castillos,-34.1667,-53.8333,287.26,84,89,5.21,UY,1681938000
258,nova vicosa,-17.8919,-39.3719,304.07,68,49,3.52,BR,1681938000
259,nelson bay,-32.7167,152.15,291.21,88,87,0.93,AU,1681938000
260,khark,29.2614,50.3306,296.26,70,97,0.94,IR,1681938000
261,beyneu,45.3167,55.2,284.83,32,99,6.83,KZ,1681938000
262,pionerskiy,54.9508,20.2275,283.01,85,84,6.81,RU,1681938000
263,dalandzadgad,43.5708,104.425,276.13,13,54,3.69,MN,1681938000
264,lerwick,60.1545,-1.1494,281.8,78,12,2.69,GB,1681938000
265,princeville,45.7668,-61.2985,285.52,58,12,5.24,CA,1681938000
266,hassi messaoud,31.6804,6.0729,308.3,7,60,3.83,DZ,1681938000
267,yuzhno-kurilsk,44.0306,145.8556,277.68,82,30,1.92,RU,1681938000
268,hobyo,5.3505,48.5268,301.99,68,98,5.62,SO,1681938000
269,ust-nera,64.5667,143.2,261.21,99,100,3.58,RU,1681938000
270,mahajanga,-15.7167,46.3167,300.46,79,28,2.28,MG,1681938000
271,touros,-5.1989,-35.4608,301.49,73,85,4.15,BR,1681938000
272,fort leonard wood,37.7057,-92.1572,298.51,55,94,6.55,US,1681938000
273,st. john's,47.5649,-52.7093,275.29,86,83,5.87,CA,1681938000
274,arkhara,49.4212,130.0842,276.65,88,99,3.2,RU,1681938000
275,makushino,55.2103,67.2442,274.32,45,7,3.08,RU,1681938000
276,isangel,-19.55,169.2667,299.64,76,89,0.9,VU,1681938000
277,aoulef,26.9667,1.0833,306.04,11,25,4.59,DZ,1681938000
278,zhenlai,45.8495,123.2973,281.46,29,100,9.81,CN,1681938000
279,aguie,13.506,7.7786,308.57,16,57,4.18,NE,1681938000
280,azangaro,-14.9167,-70.2167,290.68,25,34,2.83,PE,1681938000
281,amarante do maranhao,-5.5667,-46.7422,299.95,80,99,0.6,BR,1681938000
282,port macquarie,-31.4333,152.9167,290.12,79,74,3.33,AU,1681938000
283,lebu,-37.6167,-73.65,288.2,79,66,8.5,CL,1681938000
284,sisimiut,66.9395,-53.6735,266.98,80,93,2.9,GL,1681938000
285,essaouira,31.5125,-9.77,292.84,75,28,4.15,MA,1681938000
286,colonia,50.9333,6.95,284.25,41,2,3.39,DE,1681938000
287,aasiaat,68.7098,-52.8699,264.93,78,94,2.27,GL,1681938000
288,brookings,44.3114,-96.7984,284.06,88,100,4.54,US,1681938000
289,chonchi,-42.6128,-73.8092,289.2,93,98,0.65,CL,1681938000
290,amuntai,-2.4177,115.2494,296.93,98,97,0.69,ID,1681938000
291,joao pinheiro,-17.7425,-46.1725,299.4,62,97,4.83,BR,1681938000
292,warren,39.4334,-84.1666,296.41,45,17,4.11,US,1681938000
293,kavaratti,10.5669,72.642,301.58,75,10,3.34,IN,1681938000
294,znamenka,52.4167,41.4311,283.01,53,99,3.63,RU,1681938000
295,papao,-17.75,-149.55,301.7,79,88,8.21,PF,1681938000
296,susuman,62.7833,148.1667,264.02,96,97,2.51,RU,1681938000
297,bolkhov,53.4433,36.0044,283.14,53,98,3.32,RU,1681938000
298,conception bay south,47.4999,-52.9981,275.52,85,100,6.05,CA,1681938000
299,dudinka,69.4058,86.1778,256.21,100,99,2.02,RU,1681938000
300,lagoa,39.05,-27.9833,286.48,68,88,11.04,PT,1681938000
301,khorixas,-20.3667,14.9667,298.76,39,85,3.48,NA,1681938000
302,mount vernon,40.9126,-73.8371,289.44,37,34,5.53,US,1681938000
303,lorengau,-2.0226,147.2712,300.29,79,46,2.2,PG,1681938000
304,nabire,-3.3667,135.4833,297.35,90,60,1.44,ID,1681938000
305,bhisho,-32.8472,27.4422,298.06,20,8,4.79,ZA,1681938000
306,victoria,22.2855,114.1577,297.12,95,95,4.11,HK,1681938000
307,unai,-16.3575,-46.9061,304.13,43,54,2.4,BR,1681938000
308,santa ana,33.7456,-117.8678,292.1,51,38,3.89,US,1681938000
309,suntar,62.1444,117.6319,262.32,97,100,1.71,RU,1681938000
310,quellon,-43.1167,-73.6167,286.92,99,100,0.39,CL,1681938000
311,maun,-19.9833,23.4167,295.62,28,0,3.09,BW,1681938000
312,dumbea,-22.15,166.45,298.39,92,26,0.7,NC,1681938000
313,barbacena,-21.2258,-43.7736,293.8,88,60,4.89,BR,1681938000
314,limon,10,-83.0333,301.71,67,16,3.61,CR,1681938000
315,kupang,-10.1667,123.5833,297.29,74,65,4.5,ID,1681938000
316,quesnel,52.9999,-122.5029,283.42,46,10,3.38,CA,1681938000
317,mount isa,-20.7333,139.5,294.77,32,100,10.41,AU,1681938000
318,mitchell,43.7094,-98.0298,290.59,65,47,3.02,US,1681938000
319,mancio lima,-7.6142,-72.8958,305.56,64,81,1.22,BR,1681938000
320,seal beach,33.7414,-118.1048,290.72,57,59,4.59,US,1681938000
321,odawara,35.2556,139.1597,290.09,79,100,0.91,JP,1681938000
322,long beach,33.767,-118.1892,290.99,52,7,4.8,US,1681938000
323,montana,43.4125,23.225,283.39,83,86,2.19,BG,1681938000
324,yanchep,-31.55,115.6833,289.25,47,9,4.85,AU,1681938000
325,saint-pierre,-21.3393,55.4781,298.82,76,57,4.12,RE,1681938000
326,vielha,42.6846,0.7726,282.36,74,58,0.78,ES,1681938000
327,island harbour,50.724,-1.2758,284.63,68,33,10.06,GB,1681938000
328,novotroitskaya,45.3267,41.5253,286.82,82,53,5.09,RU,1681938000
329,kurumkan,54.3,110.3,265.46,49,53,1.62,RU,1681938000
330,puerto deseado,-47.7503,-65.8938,294.76,36,19,8.76,AR,1681938000
331,hajipur,25.6833,85.2167,305.28,24,14,4.17,IN,1681938000
332,beacon square,28.2086,-82.7554,300.78,43,93,1.94,US,1681938000
333,sovetskiy,61.3614,63.5842,269.22,85,24,2.33,RU,1681938000
334,novokhopersk,51.0969,41.6252,281.85,58,81,3.95,RU,1681938000
335,copiapo,-27.3667,-70.3333,300.44,25,0,2.97,CL,1681938000
336,kuta,-8.7233,115.1723,300.69,85,37,4.33,ID,1681938000
337,naracoorte,-36.9579,140.7383,283.76,86,58,1.68,AU,1681938000
338,joshimath,30.5667,79.5667,285.83,91,100,2.01,IN,1681938000
339,pahlgam,34.0333,75.3333,277.64,96,99,0.81,IN,1681938000
340,la passe,45.5549,-0.8967,291.55,70,25,4.27,FR,1681938000
341,santa maria,-29.6842,-53.8069,291.47,45,59,6.22,BR,1681938000
342,liwale,-9.7667,37.9333,293.78,99,99,1.76,TZ,1681938000
343,puerto gaitan,4.3133,-72.0816,305.73,52,92,4.75,CO,1681938000
344,mugia,43.1041,-9.2179,288.41,87,61,4.68,ES,1681938000
345,hailar,49.2,119.7,270.16,40,21,13.97,CN,1681938000
346,taihecun,45.8,130.85,285.6,56,100,8.37,CN,1681938000
347,menongue,-14.6585,17.691,293.13,59,52,1.79,AO,1681938000
348,santa elena de uairen,4.6167,-61.1333,301.43,48,68,2.2,VE,1681938000
349,skovorodino,53.9833,123.9167,269.87,69,100,3.42,RU,1681938000
350,champerico,14.3,-91.9167,306.99,60,6,6.17,GT,1681938000
351,manicore,-5.8092,-61.3003,302.47,76,33,1.87,BR,1681938000
352,hannibal,39.7084,-91.3585,298.04,54,83,7.68,US,1681938000
353,malango,-2.9627,119.9001,292.88,98,99,0.91,ID,1681938000
354,luwuk,-0.9516,122.7875,298.73,87,76,0.78,ID,1681938000
355,el nido,11.1858,119.3956,300.55,80,11,2.09,PH,1681938000
356,ellensburg,46.9965,-120.5479,282.89,51,67,2.84,US,1681938000
357,cuyo,10.8525,121.0086,301.44,73,27,0.61,PH,1681938000
358,motueka,-41.1333,173.0167,288.04,81,44,0.57,NZ,1681938000
359,pacocha,-17.5833,-71.3333,295.39,79,28,1.56,PE,1681938000
360,san mariano,7.5,126,296.37,96,58,1.16,PH,1681938000
361,mejit,10.2753,170.8646,300.06,81,99,8.45,MH,1681938000
362,dartmouth,44.6713,-63.5772,282.99,74,65,2.65,CA,1681938000
363,la'ie,21.6477,-157.9253,298.32,78,99,4.67,US,1681938000
364,praia da vitoria,38.7333,-27.0667,286.57,89,60,9.53,PT,1681938000
365,lensk,60.7253,114.9278,267.07,84,100,2.23,RU,1681938000
366,nuuk,64.1835,-51.7216,272.49,78,83,3.02,GL,1681938000
367,revda,56.801,59.9303,275.16,65,88,1.53,RU,1681938000
368,fort bragg,35.139,-79.006,302.22,25,0,2.27,US,1681938000
369,kimbe,-5.5502,150.1429,297.9,92,84,1.42,PG,1681938000
370,labytnangi,66.6572,66.4183,264.07,91,47,2.14,RU,1681938000
371,selfoss,63.9331,-20.9971,282.47,92,85,4.58,IS,1681938000
372,al jawf,29.5,38.75,297.62,35,72,2.49,SA,1681938000
373,aras-asan,8.8908,126.3033,298.81,88,87,1.19,PH,1681938000
374,bethanie,-26.4833,17.15,296.99,30,80,2.71,NA,1681938000
375,glennville,31.9366,-81.9285,302.43,28,0,2.57,US,1681938000
376,chalons-en-champagne,48.9539,4.3672,285.24,73,100,4.77,FR,1681938000
377,kemijarvi,66.7131,27.4306,274.62,100,100,2.25,FI,1681938000
378,frontera,26.9333,-101.45,307.56,40,50,4.55,MX,1681938000
379,dingli,35.8614,14.3822,288.05,83,3,4.38,MT,1681938000
380,cabo san lucas,22.8909,-109.9124,298.2,64,60,5.02,MX,1681938000
381,ivot,53.6756,34.1872,282.07,58,69,3.42,RU,1681938000
382,katsuren-haebaru,26.3369,127.8719,297.35,90,100,7.02,JP,1681938000
383,margate,51.3813,1.3862,282.8,77,5,11.54,GB,1681938000
384,muisne,0.6,-80.0333,301.17,76,97,3.8,EC,1681938000
385,neryungri,56.6709,124.6491,260.57,97,99,2.15,RU,1681938000
386,huarmey,-10.0681,-78.1522,299.95,72,81,4.62,PE,1681938000
387,alofi,-19.0595,-169.9187,298.92,90,100,3.47,NU,1681938000
388,cuenca,-2.8833,-78.9833,292.55,60,83,0.43,EC,1681938000
389,nar'yan-mar,67.6713,53.087,273.19,97,100,7.09,RU,1681938000
390,anaconda,46.1285,-112.9423,273.14,71,100,6.76,US,1681938000
391,soio,-6.1349,12.3689,300.42,90,68,4.03,AO,1681938000
392,fale old settlement,-9.3852,-171.2468,301.25,71,82,2.59,TK,1681938000
393,talara,-4.5772,-81.2719,303.09,63,29,6.28,PE,1681938000
394,dingras,18.1032,120.6967,298.73,88,35,1.39,PH,1681938000
395,talitsa,56.8804,60.0213,274.24,62,76,1.48,RU,1681938000
396,puerto aysen,-45.4,-72.7,286.67,92,100,2.04,CL,1681938000
397,hamilton,39.1834,-84.5333,297.34,40,23,4.44,US,1681938000
398,usinsk,65.9939,57.5281,271.83,95,100,5.93,RU,1681938000
399,kuqa,41.7278,82.9364,282.33,50,100,1.22,CN,1681938000
400,alnwick,55.4132,-1.7056,280.89,88,15,3.18,GB,1681938000
401,dongola,19.1667,30.4833,304.76,8,1,4.1,SD,1681938000
402,san ignacio de velasco,-16.3667,-60.95,295.26,92,99,3.07,BO,1681938000
403,waingapu,-9.6567,120.2641,297.19,79,59,3.79,ID,1681938000
404,den burg,53.0542,4.7972,282.9,68,2,8.84,NL,1681938000
405,paszto,47.9202,19.6983,283.03,85,87,1.45,HU,1681938000
406,sinnar,13.5691,33.5672,306.93,8,2,5.42,SD,1681938000
407,pocklington,53.9334,-0.7811,281.4,73,7,5.53,GB,1681938000
408,angaur state,6.906,134.13,301.73,75,9,5.29,PW,1681938000
409,hadibu,12.65,54.0333,301.21,72,22,2.79,YE,1681938000
410,fort riley north,39.1108,-96.8139,301.77,49,47,9.57,US,1681938000
411,ancud,-41.8697,-73.8203,287.86,88,97,2.16,CL,1681938000
412,tara,56.8944,74.371,270.91,71,57,2.22,RU,1681938000
413,crane,31.3974,-102.3501,304.93,9,21,6.47,US,1681938000
414,smithers,54.7804,-127.1743,281.02,80,33,2.58,CA,1681938000
415,kalaleh,37.3807,55.4916,290.18,45,0,1.92,IR,1681938000
416,jeypore,18.85,82.5833,301.8,29,22,2.88,IN,1681938000
417,coria,39.9879,-6.5377,296.59,39,32,1.42,ES,1681938000
418,happy valley-goose bay,53.3168,-60.3315,279.12,73,83,3.69,CA,1681938000
419,shindand,33.3029,62.1474,286.44,38,0,4.57,AF,1681938000
420,akureyri,65.6835,-18.0878,285.15,72,64,3.22,IS,1681938000
421,polyany,54.7122,39.8231,283.21,58,98,2.67,RU,1681938000
422,goure,13.9835,10.2704,306.68,10,9,3,NE,1681938000
423,troitsko-pechorsk,62.7084,56.1964,273.83,91,98,2,RU,1681938000
424,poli,-3.3333,36.8,289.47,93,94,1.13,TZ,1681938000
425,camacupa,-12.0167,17.4833,291.99,68,73,1.45,AO,1681938000
426,cienfuegos,22.1461,-80.4356,303.46,53,41,3.03,CU,1681938000
427,kalmunai,7.4167,81.8167,300.19,81,27,3.86,LK,1681938000
428,howard springs,-12.497,131.047,293.4,87,17,1.29,AU,1681938000
429,laguna paiva,-31.3039,-60.6589,297,29,2,6.51,AR,1681938000
430,loango,-4.6719,11.8312,301.42,85,60,2.35,CG,1681938000
431,tommot,58.9564,126.2925,265.54,97,88,1.33,RU,1681938000
432,kirakira,-10.4544,161.9205,299.82,83,41,1.98,SB,1681938000
433,ordynskoye,54.3656,81.8994,270.26,51,50,3.6,RU,1681938000
434,siroki brijeg,43.3833,17.5928,285.34,84,78,1.63,BA,1681938000
435,apartado,7.883,-76.6259,303.54,71,83,3.4,CO,1681938000
436,bardai,11.65,7.2333,305.81,28,97,5.22,NG,1681938000
437,kasongo-lunda,-6.4667,16.8167,296.73,91,95,0.59,CD,1681938000
438,taulaga,-11.0553,-171.0883,301.37,73,74,3.99,AS,1681938000
439,sabha,27.0377,14.4283,297.55,16,0,3.86,LY,1681938000
440,novoagansk,61.9449,76.6625,268.82,97,99,3.12,RU,1681938000
441,bikenibeu village,1.3673,173.1241,301.58,81,27,5.78,KI,1681938000
442,tazacorte,28.629,-17.9293,293.24,74,80,2.08,ES,1681938000
443,wotho,10.1657,166.0102,299.93,82,98,8.85,MH,1681938000
444,calama,-22.4667,-68.9333,297.16,7,1,5.51,CL,1681938000
445,san andres,12.5847,-81.7006,302.86,66,23,6.51,CO,1681938000
446,cannonvale,-20.2833,148.7,297.96,82,30,5.06,AU,1681938000
447,hollabrunn,48.55,16.0833,280.51,86,97,1.39,AT,1681938000
448,jayapura,-2.5333,140.7,297.27,90,100,1.75,ID,1681938000
449,zaozersk,69.4005,32.4476,276.22,91,98,9.67,RU,1681938000
450,namsos,64.4662,11.4957,281.68,63,77,0.49,NO,1681938000
451,mahina,-17.5065,-149.489,301.53,71,82,8.25,PF,1681938000
452,sunagawa,43.4864,141.9056,279.87,86,99,1.52,JP,1681938000
453,darbhanga,26.1667,85.9,303.96,15,7,3.92,IN,1681938000
454,kuusamo,65.9667,29.1833,276.73,80,33,1.81,FI,1681938000
455,port moresby,-9.4431,147.1797,297.98,90,14,2.04,PG,1681938000
456,sao vicente,-23.9631,-46.3919,298.91,57,77,0.79,BR,1681938000
457,amos,48.5669,-78.1162,272.36,64,100,4.41,CA,1681938000
458,ciudad bolivar,8.1222,-63.5497,307.07,37,75,4.75,VE,1681938000
459,remire-montjoly,4.9167,-52.2667,298.18,97,47,5.69,GF,1681938000
460,archangelos,36.2149,28.1149,288.27,82,0,3.72,GR,1681938000
461,polatsk,55.4859,28.7756,283,72,93,3.84,BY,1681938000
462,ocean shores,46.9737,-124.1563,280.57,82,34,5.09,US,1681938000
463,conde,-7.2597,-34.9075,302.07,73,29,3.81,BR,1681938000
464,tateyama,34.9833,139.8667,290.02,89,100,3.85,JP,1681938000
465,roma,43.2128,-75.4557,278.92,68,99,5.99,US,1681938000
466,as sulayyil,20.4607,45.5779,294.76,52,58,10.03,SA,1681938000
467,connell,46.6635,-118.8611,285.61,47,83,5.43,US,1681938000
468,salalah,17.0151,54.0924,300.86,71,27,2.58,OM,1681938000
469,clarion,41.2148,-79.3853,287.77,44,20,4.14,US,1681938000
470,buckhannon,38.994,-80.232,294.46,33,1,2.66,US,1681938000
471,callao,-12.0667,-77.15,297.86,69,64,4.58,PE,1681938000
472,nea alikarnassos,35.3333,25.1667,288.19,65,13,2.98,GR,1681938000
473,cabedelo,-6.9811,-34.8339,302.97,77,70,4.01,BR,1681938000
474,san luis de la loma,17.2706,-100.8939,303.88,53,79,5.06,MX,1681938000
475,saint-francois,46.4154,3.9054,286.83,69,0,1.47,FR,1681938000
476,chimbote,-9.0853,-78.5783,299.62,73,95,3.58,PE,1681938000
477,olyokminsk,60.3736,120.4264,265.11,95,99,0.77,RU,1681938000
478,mount gambier,-37.8333,140.7667,285.45,86,84,2.07,AU,1681938000
479,kadugli,11.0167,29.7167,307.29,9,2,5.01,SD,1681938000
480,chui,-33.6971,-53.4616,286.74,74,84,4.04,UY,1681938000
481,yarmouth,41.7057,-70.2286,283.95,49,98,2.23,US,1681938000
482,ambalangoda,6.2355,80.0538,300.56,80,19,1.38,LK,1681938000
483,talakan,50.3167,130.3667,275.26,65,100,3.33,RU,1681938000
484,st. paul,44.9444,-93.0933,277.93,82,100,6.53,US,1681938000
485,jumla,29.2747,82.1838,283.53,70,87,1.37,NP,1681938000
486,betioky,-23.7167,44.3833,297.2,68,44,2.71,MG,1681938000
487,mil'kovo,55.6078,37.7956,283.11,54,77,3.03,RU,1681938000
488,yelizovo,53.1873,158.3805,275.75,73,83,2.92,RU,1681938000
489,daru,-9.0763,143.2092,298.85,85,79,2.81,PG,1681938000
490,keflavik,64.0049,-22.5624,282.04,96,66,8.35,IS,1681938000
491,pemangkat,1.1667,108.9667,299.8,79,91,1.05,ID,1681938000
492,vandergrift,40.6028,-79.5648,290.54,31,6,3.31,US,1681938000
493,paphos,34.7667,32.4167,290.74,80,33,6.17,CY,1681938000
494,aquiraz,-3.9014,-38.3911,301.92,79,91,2.36,BR,1681938000
495,vidyayevo,69.3191,32.8049,276.48,91,97,8.93,RU,1681938000
496,kayangel,8.0823,134.7173,301.81,74,36,3.9,PW,1681938000
497,prince rupert,54.3161,-130.3201,282.06,55,26,1.53,CA,1681938000
498,paradip garh,20.3167,86.6167,301.34,78,5,6.81,IN,1681938000
499,samus',56.7475,84.6992,269.95,95,100,1.96,RU,1681938000
500,filey,54.21,-0.2892,281.4,80,7,7.07,GB,1681938000
501,kurunegala,7.4863,80.3623,297.48,96,7,1.18,LK,1681938000
502,tambuwal,12.4039,4.6469,308.69,28,73,4.39,NG,1681938000
503,robertsport,6.7533,-11.3686,301.86,79,51,4.6,LR,1681938000
504,malkinia gorna,52.6922,22.0284,282.51,80,89,3.1,PL,1681938000
505,afif,23.9065,42.9172,294.8,57,55,1.33,SA,1681938000
506,paramonga,-10.6667,-77.8333,299.41,72,75,5.02,PE,1681938000
507,narrabri,-30.3167,149.7833,289.15,77,82,3.38,AU,1681938000
508,mandali,33.7499,45.5541,299.27,24,1,0.95,IQ,1681938000
509,guiglo,6.5456,-7.4966,296.37,96,87,2.27,CI,1681938000
510,muynoq,43.7683,59.0214,284.81,58,78,5.46,UZ,1681938000
511,guerrero negro,27.9769,-114.0611,291.18,56,40,10.53,MX,1681938000
512,san antonio de pale,-1.4014,5.6325,301.64,81,99,4.62,GQ,1681938000
513,tarhuna,32.435,13.6332,296.91,23,87,8.65,LY,1681938000
514,broken hill,-31.95,141.4333,283.96,66,1,5.73,AU,1681938000
515,thenzawl,23.3167,92.75,292.29,83,30,1.49,IN,1681938000
516,shalkar,47.8288,59.6258,284.11,36,98,2.31,KZ,1681938000
517,forster,-32.1667,152.5167,290.19,78,75,2.6,AU,1681938000
518,wainwright,52.839,-110.8572,275.84,59,99,5.47,CA,1681938000
519,langzhong,31.5504,105.9938,295.69,75,69,1.39,CN,1681938000
520,borogontsy,62.6683,131.1683,268.01,96,100,1.39,RU,1681938000
521,pandan,14.0453,124.1694,299.28,88,8,2.76,PH,1681938000
522,carutapera,-1.195,-46.02,299.26,87,100,1.3,BR,1681938000
523,uturoa,-16.7333,-151.4333,301.2,79,75,7.18,PF,1681938000
524,asau,46.4333,26.4,281.57,92,90,2.01,RO,1681938000
525,manta,-0.95,-80.7333,302.3,73,60,5.07,EC,1681938000
526,tuburan,6.6439,122.2736,300.82,78,27,1.72,PH,1681938000
527,jwaneng,-24.6004,24.7303,291.72,31,0,3.41,BW,1681938000
528,libreville,0.3925,9.4537,300.78,83,100,3.08,GA,1681938000
529,novohrad-volynskyi,50.5941,27.6165,283.43,80,98,3.52,UA,1681938000
530,bonnyville,54.2668,-110.735,275.76,61,96,4.79,CA,1681938000
531,baiao,-2.7906,-49.6717,299.76,92,99,0.78,BR,1681938000
532,tutoia,-2.7619,-42.2744,300.55,83,95,1.37,BR,1681938000
533,tchintabaraden,15.8969,5.7985,307.03,9,13,4.64,NE,1681938000
534,palpa,-14.5336,-75.1856,302.69,41,13,4.92,PE,1681938000
535,zabljak,43.1542,19.1232,276.22,86,81,0.73,ME,1681938000
536,el calafate,-50.3408,-72.2768,283.14,81,43,8.51,AR,1681938000
537,kargopol',61.5071,38.9456,273.57,99,59,1.37,RU,1681938000
538,atherton,53.5237,-2.4935,283.84,50,23,4.64,GB,1681938000
539,booue,-0.0921,11.9385,298.98,84,97,0.61,GA,1681938000
540,acarau,-2.8856,-40.12,300.79,80,93,3.13,BR,1681938000
541,maintirano,-18.0667,44.0167,299.78,80,6,3.09,MG,1681938000
542,ngorongoro,-3.2397,35.4875,284.5,96,88,1.95,TZ,1681938000
543,arar,30.9753,41.0381,298.24,30,81,3.36,SA,1681938000
544,vilyuchinsk,52.9306,158.4028,275.66,81,100,3.2,RU,1681938000
545,puerto baquerizo moreno,-0.9,-89.6,300.27,87,35,2.21,EC,1681938000
546,lai chau,22.3997,103.4517,295.42,34,0,0.59,VN,1681938000
547,rayevskiy,54.0658,54.9468,282.07,77,99,2.77,RU,1681938000
548,curaca,-8.9903,-39.9094,307.7,31,93,4.51,BR,1681938000
549,bathurst,-33.4166,149.5806,283.6,93,88,1.78,AU,1681938000
550,corralillo,22.9819,-80.5856,300.69,61,41,8.28,CU,1681938000
551,guatire,10.4762,-66.5427,301.73,62,71,2.76,VE,1681938000
552,jamul,32.717,-116.8761,292.18,51,43,4.85,US,1681938000
553,kamaishi,39.2667,141.8833,282.65,71,56,1.67,JP,1681938000
554,yaren,-0.5472,166.916,301.82,73,91,5.91,NR,1681938000
555,kiruna,67.8557,20.2251,277.34,79,83,2.65,SE,1681938000
556,alta,69.9689,23.2717,279.62,78,83,2.62,NO,1681938000
557,ahvaz,31.3203,48.6693,301.03,27,0,2.27,IR,1681938000
558,greenfield,42.9614,-88.0126,283.05,74,100,4.08,US,1681938000
559,dabakala,8.3667,-4.4333,300.1,65,87,1.77,CI,1681938000
560,moyynkum,44.2914,72.9469,279.69,30,0,5.67,KZ,1681938000
561,mashi,12.9784,7.9529,307.04,17,54,1.56,NG,1681938000
562,malyye derbety,47.9547,44.6808,285.4,35,99,5.96,RU,1681938000
563,nadym,65.5333,72.5167,260.18,91,83,1.97,RU,1681938000
564,pastavy,55.1168,26.8326,282.74,80,95,4.87,BY,1681938000
565,atar,20.5169,-13.0499,303.2,15,60,1.94,MR,1681938000
566,pombas,17.1503,-25.0201,295.27,74,94,5.09,CV,1681938000
567,kelowna,49.8831,-119.4857,285.92,48,33,1.59,CA,1681938000
568,zhob,31.3411,69.4481,290.38,29,1,2.79,PK,1681938000
569,samana,19.2056,-69.3369,303.73,67,42,4.33,DO,1681938000
570,oamaru,-45.0784,170.9801,284.71,89,14,1.55,NZ,1681938000
571,carbonear,47.7332,-53.2148,275.75,83,100,4.5,CA,1681938000
572,shangrao,28.4532,117.9686,292.88,95,100,0.66,CN,1681938000
573,khandyga,62.6667,135.6,268.37,96,100,1.27,RU,1681938000
574,mata-utu,-13.2816,-176.1745,301.83,73,87,6.14,WF,1681938000
575,taro,-8.3862,115.28,295.93,95,67,0.72,ID,1681938000
576,vyerkhnyadzvinsk,55.7815,27.9443,282.1,79,82,4.34,BY,1681938000
577,kudahuvadhoo,2.6708,72.8944,301.79,71,100,0.94,MV,1681938000
